manufacture_id,model_id,body_type_id,year_manufactured,engine_capacity,passenger_capacity,transmission_type,fuel_type,drive_system,odometer,additional_details
M-15,CM0046,BT-006,2023,1.5,1,automatic,hybrid,AWD,22734,Stay window fly effect relate. About act save people magazine sense ago out. Provide interview relate national some.
M-03,CM0048,BT-007,2021,1.2,7,automatic,gasoline,RWD,58288,Similar action four however simply street. Idea like set prepare cause which large. In threat shoulder point few hit. Threat community arm sort one bad everything.
M-15,CM0005,BT-010,2019,1.2,2,automatic,gasoline,AWD,79294,Example reach in smile whether. Itself anyone people sense fight memory economy. Continue work believe where. Matter eat beyond remember teacher teacher visit.
M-11,CM0031,BT-013,2016,2.0,5,automatic,diesel,AWD,77309,Benefit center success.
M-17,CM0045,BT-006,2017,2.5,5,automatic,hybrid,RWD,148382,Company certain air artist short dream mother. Student hundred budget agree movie fast gas.
M-02,CM0027,BT-001,2021,3.0,5,manual,gasoline,AWD,70903,Probably center role federal they else call. Certain him civil attack. Into room catch car customer wear.
M-19,CM0043,BT-004,2022,,4,automatic,electric,AWD,18764,Carry none enter reflect never kitchen.
M-17,CM0047,BT-007,2016,1.2,7,manual,gasoline,AWD,118168,Long structure through alone before always. Economic or east us whether.
M-17,CM0047,BT-007,2022,1.2,5,manual,diesel,AWD,77729,Space see series continue beat claim might. Food fast hospital.
M-17,CM0045,BT-006,2017,2.5,4,automatic,hybrid,RWD,64134,Against employee speech manager born adult. Or several north reality possible summer. Race cold usually employee everybody. Market sort owner degree still can piece.
M-15,CM0034,BT-009,2017,1.5,6,manual,gasoline,FWD,122422,President under perhaps blood sign. Spring themselves usually fast. Because report surface. Decide draw whose deep traditional.
M-09,CM0028,BT-001,2020,2.0,5,manual,diesel,AWD,93088,Tv issue face food knowledge art. Yet political local would until. Respond whose church hour yard education chair. Decade on growth force.
M-02,CM0023,BT-012,2016,3.0,6,automatic,diesel,RWD,91679,Anyone hotel me together you unit. Hear increase ten product. Executive expect pass deep house service beat.
M-05,CM0013,BT-005,2016,1.2,2,manual,gasoline,RWD,146832,Trial production picture order. Save stand American. Bag thing PM bad past degree investment cultural.
M-11,CM0031,BT-013,2016,2.0,4,automatic,gasoline,RWD,61396,Stock about tough bed star. Everything idea these field want.
M-15,CM0014,BT-005,2019,1.4,7,automatic,gasoline,AWD,149690,Prepare benefit kind goal. Think administration really reflect realize.
M-17,CM0047,BT-007,2019,1.2,5,manual,diesel,AWD,26814,Religious leader feel last. Way there agreement force imagine continue. Yeah agreement really stop control subject. Thing character doctor camera economy community.
M-10,CM0024,BT-012,2017,4.0,3,manual,diesel,RWD,45692,Describe true management office stand success physical factor. Sit admit series save thus realize. Particular now rock the practice hear create.
M-17,CM0004,BT-010,2021,2.4,5,manual,gasoline,AWD,44975,Course participant product budget make century remember. Practice that assume season.
M-01,CM0025,BT-012,2023,3.0,3,manual,gasoline,AWD,129878,Develop head health short. Local during maybe chair. Position hot bad marriage each risk.
M-09,CM0021,BT-011,2014,2.5,7,manual,gasoline,RWD,71548,Conference report science. Wish green imagine trouble treatment amount successful.
M-15,CM0034,BT-009,2021,1.5,7,automatic,gasoline,FWD,16213,Body little condition group management trip. Surface along measure single customer.
M-15,CM0005,BT-010,2019,1.2,6,automatic,gasoline,RWD,58830,She issue attention federal moment. Either pressure rather number. Safe race factor audience build imagine computer.
M-15,CM0034,BT-009,2021,1.5,7,manual,diesel,FWD,117420,Son model fire no each. Painting run development fast her everything according once.
M-07,CM0035,BT-009,2013,3.6,7,manual,gasoline,FWD,125216,News position hot eat one cost firm. Much chance national walk notice.
M-17,CM0009,BT-008,2019,1.5,7,automatic,diesel,AWD,146941,Weight your Mrs bit low box whole than.
M-12,CM0010,BT-002,2021,1.5,5,automatic,diesel,AWD,94636,Mother listen man. Knowledge bad station director begin. Choice now identify this already. Close far agree list large live.
M-05,CM0022,BT-012,2017,2.0,6,automatic,gasoline,AWD,14631,Mr office leave stock family individual believe age. Figure fact vote candidate. People buy so cell model weight animal.
M-17,CM0009,BT-008,2017,1.5,4,manual,diesel,AWD,45413,Guy enough tend window drop. Particular federal measure certain.
M-08,CM0036,BT-009,2014,2.2,3,manual,diesel,FWD,131569,Current again serious. Together early leg five whole nothing heavy.
M-09,CM0021,BT-011,2017,2.5,6,manual,gasoline,RWD,129686,Value piece truth. Magazine magazine fund certainly scene where part.
M-17,CM0004,BT-010,2017,2.4,1,manual,gasoline,RWD,136106,Special high condition himself continue watch that. Himself expert Mr believe partner.
M-05,CM0017,BT-005,2008,1.5,6,manual,gasoline,RWD,18128,Standard that attack include relationship spend down activity. Door its result want before.
M-12,CM0040,BT-003,2016,2.5,1,manual,gasoline,RWD,11687,Memory suggest rest allow civil push everyone trouble.
M-13,CM0044,BT-006,2021,1.2,7,automatic,hybrid,AWD,89590,Keep hospital trial west. Rich police couple.
M-03,CM0048,BT-007,2019,1.2,5,automatic,diesel,RWD,52220,Different age better will wear analysis. Do education language but many doctor.
M-18,CM0032,BT-013,2020,2.0,7,automatic,diesel,AWD,56349,Use among indicate coach. Value table feel fear. Trouble girl third provide structure relationship least.
M-13,CM0044,BT-006,2023,1.2,3,automatic,hybrid,RWD,120877,American audience body administration likely.
M-09,CM0016,BT-005,2018,1.5,7,manual,diesel,AWD,101115,Growth rock nearly trouble growth board send. Travel see fish dinner effect network expect reveal. Bar national reveal treatment treat budget major.
M-17,CM0047,BT-007,2016,1.2,3,automatic,diesel,RWD,82554,Ever last price season author factor. Land particularly quickly agent serious with only hear.
M-02,CM0027,BT-001,2015,3.0,5,manual,gasoline,AWD,36924,My at director. Matter determine mind address happen sort. Alone style return design camera society notice occur.
M-02,CM0027,BT-001,2015,3.0,5,manual,gasoline,RWD,142159,Half how simple like eight. Him control since arm have large decision stuff.
M-02,CM0023,BT-012,2018,3.0,5,automatic,diesel,AWD,137122,Spend cell may field. Despite picture significant fish. Eat organization much song minute act still.
M-11,CM0029,BT-001,2016,2.0,4,manual,diesel,AWD,138083,Hospital interesting middle wait effect. Prove all approach scientist local.
M-15,CM0014,BT-005,2018,1.4,3,manual,diesel,AWD,85706,Third surface every. Whole seat painting ago. Wind enter international speech exist number.
M-15,CM0034,BT-009,2021,1.5,4,manual,diesel,FWD,54785,Training hold quality information summer piece institution. Keep report hotel people end some expert.
M-12,CM0010,BT-002,2019,1.5,6,automatic,gasoline,RWD,99913,Behind capital activity room education. Prevent put laugh effort.
M-05,CM0022,BT-012,2018,2.0,2,automatic,gasoline,RWD,9394,Include have federal star. Local whole I sit analysis sister go compare.
M-17,CM0018,BT-011,2015,1.8,5,automatic,diesel,AWD,90750,More friend someone sea. Similar weight instead walk collection. Former something set thus least color hard.
M-17,CM0038,BT-003,2014,2.5,2,automatic,gasoline,RWD,128113,Forget far environmental vote particularly news. Speak expert window high again.
